series_name,index,target,pred,model,AE,SE,TUE,APE,Paradigm,Phase
co2_levels,29,317.22,317.5476350610062,LGBM,0.3276350610061627,0.10734473320051195,,0.0010328322962176492,offline,train
co2_levels,30,317.1,317.32141411539084,LGBM,0.22141411539081446,0.0490242104942969,,0.0006982469737963243,offline,train
co2_levels,31,316.85,317.133283108437,LGBM,0.28328310843699,0.08024931952572344,,0.0008940606231244752,offline,train
co2_levels,32,316.89,316.9305529826668,LGBM,0.04055298266683849,0.0016445444031769028,,0.00012797179673337274,offline,train
co2_levels,33,316.96,316.9512231460115,LGBM,0.00877685398847916,7.703316593508255e-05,,2.769073065522199e-05,offline,train
co2_levels,34,316.84,316.9900091269434,LGBM,0.1500091269434165,0.022502738166326048,,0.00047345387875084117,offline,train
co2_levels,35,317.05,316.97906781271024,LGBM,0.07093218728977035,0.005031375193711059,,0.00022372555524292808,offline,train
co2_levels,36,317.25,317.15675301399796,LGBM,0.09324698600204329,0.008695000398465257,,0.00029392272971487247,offline,train
co2_levels,37,317.16,317.26115315767316,LGBM,0.1011531576731386,0.010231961307246837,,0.000318934158384218,offline,train
co2_levels,38,317.73,317.35486672255195,LGBM,0.37513327744807157,0.14072497584893184,,0.0011806668474744959,offline,train
co2_levels,39,317.61,317.7393529688478,LGBM,0.12935296884779746,0.01673219054973926,,0.00040726982414847595,offline,train
co2_levels,40,317.89,317.7068518159408,LGBM,0.18314818405917777,0.03354325732417446,,0.0005761369783861643,offline,train
co2_levels,41,318.09,317.9385431754439,LGBM,0.15145682455607812,0.02293916970461063,,0.00047614456460774664,offline,train
co2_levels,42,317.92,318.12251443204775,LGBM,0.20251443204773523,0.04101209518761677,,0.0006369980877193483,offline,train
co2_levels,43,318.34,318.13055011953213,LGBM,0.20944988046784374,0.043869252427994034,,0.0006579439607584461,offline,train
co2_levels,44,318.0,318.331013939296,LGBM,0.33101393929598544,0.10957022800824633,,0.0010409243374087593,offline,train
co2_levels,45,317.78,318.08300482229777,LGBM,0.3030048222977939,0.09181192233571767,,0.0009535050106922838,offline,train
co2_levels,46,317.89,317.85990274767795,LGBM,0.03009725232203664,0.0009058445973363398,,9.46781978735935e-05,offline,train
co2_levels,47,317.89,317.9747141839928,LGBM,0.08471418399278718,0.0071764929695638,,0.0002664889867337355,offline,train
co2_levels,48,318.39,318.0772347425353,LGBM,0.3127652574646618,0.09782210627693616,,0.0009823337964906618,offline,train
co2_levels,49,318.24,318.4052649039912,LGBM,0.16526490399121485,0.027312488491225462,,0.0005193090246078898,offline,train
co2_levels,50,318.16,318.3078454637238,LGBM,0.14784546372379737,0.021858281143704684,,0.0004646890360944096,offline,train
co2_levels,51,318.45,318.2964615293832,LGBM,0.1535384706168088,0.023574061959348663,,0.0004821431013245684,offline,train
co2_levels,52,318.94,318.604573803675,LGBM,0.33542619632498827,0.11251073318104958,,0.0010516905885902938,offline,train
co2_levels,53,318.71,318.99053134971496,LGBM,0.28053134971497684,0.07869783817290664,,0.0008802088096230958,offline,train
co2_levels,54,319.18,318.8719099183309,LGBM,0.3080900816690928,0.09491949842286827,,0.0009652549710793056,offline,train
co2_levels,55,318.46,319.13856168330415,LGBM,0.6785616833041672,0.4604459580485849,,0.0021307595406147312,offline,train
co2_levels,56,318.59,318.60338204488346,LGBM,0.013382044883485378,0.00017907912526361717,,4.200397025482714e-05,offline,train
co2_levels,57,318.47,318.6779921217631,LGBM,0.20799212176308401,0.04326072271550957,,0.0006530980053477062,offline,train
co2_levels,58,318.69,318.58267766317783,LGBM,0.10732233682216474,0.011518083980970178,,0.0003367609175755899,offline,train
co2_levels,59,318.41,318.70881224812626,LGBM,0.2988122481262394,0.08928875963025727,,0.0009384512048184397,offline,train
co2_levels,60,318.57,318.5356136230473,LGBM,0.034386376952681985,0.0011824229199319388,,0.00010793978388637344,offline,train
co2_levels,61,319.05,318.73961631358344,LGBM,0.31038368641657144,0.09633803279354056,,0.0009728371302823114,offline,train
co2_levels,62,319.38,319.18096383895875,LGBM,0.19903616104124922,0.03961539340203809,,0.000623195444427482,offline,train
co2_levels,63,319.31,319.4400536387762,LGBM,0.13005363877618947,0.016913948958927574,,0.00040729585285831783,offline,train
co2_levels,64,319.07,319.3389622362397,LGBM,0.2689622362397017,0.07234068452306112,,0.0008429568315407331,offline,train
co2_levels,65,319.07,319.18168173660894,LGBM,0.11168173660894354,0.012472810291989439,,0.00035002268031762165,offline,train
co2_levels,66,319.16,319.218300025669,LGBM,0.05830002566898429,0.003398892993004227,,0.0001826670813039989,offline,train
co2_levels,67,319.03,319.19433104691785,LGBM,0.16433104691788003,0.02700469298112649,,0.0005150959060836913,offline,train
co2_levels,68,318.98,319.06816218177653,LGBM,0.0881621817765108,0.0077725702955945344,,0.00027638780417741174,offline,train
co2_levels,69,319.13,319.09285672770585,LGBM,0.037143272294144936,0.0013796226767169948,,0.00011638915894508488,offline,train
co2_levels,70,319.52,319.29361393839906,LGBM,0.22638606160091967,0.0512506488871754,,0.0007085192213348763,offline,train
co2_levels,71,319.37,319.5454999937548,LGBM,0.17549999375478365,0.030800247807929098,,0.0005495193466975096,offline,train
co2_levels,72,319.41,319.43965864739187,LGBM,0.029658647391840987,0.0008796353651135562,,9.285447353508338e-05,offline,train
co2_levels,73,319.46,319.5092305766868,LGBM,0.04923057668679576,0.002423649680914478,,0.00015410560535527378,offline,train
co2_levels,74,319.37,319.50959786715686,LGBM,0.1395978671568514,0.019487564514741932,,0.00043710388313508285,offline,train
co2_levels,75,319.73,319.5467922843196,LGBM,0.18320771568039618,0.033565067084828884,,0.000573007586652476,offline,train
co2_levels,76,319.79,319.80458006359794,LGBM,0.014580063597918524,0.00021257825451934887,,4.559261889964828e-05,offline,train
co2_levels,77,320.03,319.9363349845637,LGBM,0.09366501543627237,0.008773135116677142,,0.0002926757348882054,offline,train
co2_levels,78,319.67,320.017959510544,LGBM,0.3479595105440012,0.12107582097802089,,0.0010884959819313705,offline,train
co2_levels,79,319.93,319.82831338924666,LGBM,0.1016866107533474,0.010340166806502786,,0.0003178401861449298,offline,train
co2_levels,80,319.59,319.90146876947176,LGBM,0.31146876947178725,0.09701279435626935,,0.0009745885962382655,offline,train
co2_levels,81,319.49,319.66931767962336,LGBM,0.17931767962335243,0.032154830225503264,,0.0005612622605507291,offline,train
co2_levels,82,319.38,319.5026930810648,LGBM,0.12269308106482413,0.015053592141179505,,0.00038416018869316844,offline,train
co2_levels,83,319.79,319.5046108532247,LGBM,0.2853891467753442,0.08144696509715896,,0.0008924267387202358,offline,train
co2_levels,84,319.59,319.81331328155136,LGBM,0.22331328155138408,0.049868821717247734,,0.0006987492773596924,offline,train
co2_levels,85,319.79,319.74629589405293,LGBM,0.043704105947085736,0.0019100488766340949,,0.00013666501750237887,offline,train
co2_levels,86,319.28,319.75702637636886,LGBM,0.4770263763688831,0.22755416375162732,,0.001494069081586329,offline,train
co2_levels,87,319.68,319.49023794560935,LGBM,0.18976205439065552,0.036009637286562104,,0.0005936000199907893,offline,train
co2_levels,88,320.53,319.86055593088486,LGBM,0.6694440691151158,0.4481553616734039,,0.002088553549168926,offline,train
co2_levels,89,320.18,320.54530589421125,LGBM,0.3653058942112466,0.13344839634547848,,0.0011409391411432526,offline,train
co2_levels,90,320.78,320.3813450766485,LGBM,0.39865492335150066,0.15892574791239086,,0.001242767389960411,offline,train
co2_levels,91,320.37,320.73183739381136,LGBM,0.3618373938113564,0.1309262995601946,,0.0011294359453486794,offline,train
co2_levels,92,320.79,320.5567002858858,LGBM,0.23329971411419592,0.05442875660576555,,0.0007272661682539851,offline,train
co2_levels,93,320.2,320.7281606331111,LGBM,0.5281606331110993,0.2789536543683172,,0.0016494710590602727,offline,train
co2_levels,94,320.57,320.38374348055225,LGBM,0.18625651944773836,0.03469149103678574,,0.0005810166872999294,offline,train
co2_levels,95,320.94,320.72226182832947,LGBM,0.21773817167053267,0.047409911402426355,,0.0006784388722830831,offline,train
co2_levels,96,321.08,321.00436220041456,LGBM,0.07563779958542227,0.005721076726124505,,0.0002355730646113812,offline,train
co2_levels,97,321.34,321.2051425608868,LGBM,0.13485743911314785,0.01818652888415638,,0.00041967212022514424,offline,train
co2_levels,98,321.18,321.37309378022985,LGBM,0.19309378022984447,0.03728520796345147,,0.0006012011340365043,offline,train
co2_levels,99,321.55,321.32119736813286,LGBM,0.2288026318671541,0.05235064434933644,,0.0007115615980940883,offline,train
co2_levels,100,321.69,321.64296570507946,LGBM,0.04703429492053601,0.00221222489867196,,0.0001462100000638379,offline,train
co2_levels,101,321.68,321.747134786599,LGBM,0.06713478659901284,0.004507079571694994,,0.0002087005303376425,offline,train
co2_levels,102,321.61,321.73459692114415,LGBM,0.12459692114413201,0.015524392758597051,,0.0003874161908651224,offline,train
co2_levels,103,321.18,321.6129529941816,LGBM,0.43295299418161903,0.18744829517082903,,0.0013480073297889627,offline,train
co2_levels,104,321.71,321.38750025014315,LGBM,0.3224997498568314,0.10400608865771882,,0.0010024548501968587,offline,train
co2_levels,105,321.81,321.80401344927304,LGBM,0.0059865507269591944,3.583878960645566e-05,,1.860274922146358e-05,offline,train
co2_levels,106,322.28,321.9641181730429,LGBM,0.31588182695708156,0.09978132860174362,,0.0009801471607207447,offline,train
co2_levels,107,321.83,322.22367819095183,LGBM,0.39367819095184586,0.154982518031118,,0.0012232488921226918,offline,train
co2_levels,108,321.72,321.88139418519415,LGBM,0.1613941851941263,0.026048083014475934,,0.000501660404059823,offline,train
co2_levels,109,322.05,321.90408633797836,LGBM,0.14591366202165545,0.021290796764569898,,0.0004530776650260998,offline,train
co2_levels,110,322.09,322.16997282628506,LGBM,0.07997282628508628,0.006395652944024588,,0.00024829341576915236,offline,train
co2_levels,111,321.89,322.14222708513233,LGBM,0.25222708513234693,0.06361850247436018,,0.0007835816121418713,offline,train
co2_levels,112,321.86,321.9719355792633,LGBM,0.11193557926327458,0.012529573905004825,,0.0003477772300480786,offline,train
co2_levels,113,322.24,321.9708047897267,LGBM,0.26919521027332394,0.07246606123409909,,0.0008353873208581304,offline,train
co2_levels,114,322.24,322.28838611644966,LGBM,0.04838611644964885,0.0023412162650789793,,0.0001501555252285528,offline,train
co2_levels,115,322.48,322.41056617751553,LGBM,0.06943382248448415,0.004821055704806857,,0.00021531202705434181,offline,train
co2_levels,116,322.66,322.5328272324299,LGBM,0.12717276757012996,0.0161729128114463,,0.0003941386213665467,offline,train
co2_levels,117,322.74,322.73245254018093,LGBM,0.0075474598190794495,5.6964149720618795e-05,,2.3385572966101038e-05,offline,train
co2_levels,118,322.51,322.72566706188326,LGBM,0.21566706188326634,0.046512281581360636,,0.0006687143402786467,offline,train
co2_levels,119,322.48,322.57685346216107,LGBM,0.09685346216105017,0.009380593132581978,,0.0003003394386041,offline,train
co2_levels,120,322.55,322.509914652887,LGBM,0.040085347113006264,0.0016068350531701996,,0.00012427638230663854,offline,train
co2_levels,121,322.63,322.62918935635406,LGBM,0.0008106436459343058,6.571431206936641e-07,,2.5126108729327895e-06,offline,train
co2_levels,122,322.66,322.699550411528,LGBM,0.03955041152795502,0.0015642350520305975,,0.00012257612201064594,offline,train
co2_levels,123,323.17,322.8496807666259,LGBM,0.32031923337410717,0.10260441126937574,,0.0009911787399019313,offline,train
co2_levels,124,323.48,323.2794968774975,LGBM,0.2005031225025391,0.0402015021332682,,0.0006198315892869392,offline,train
co2_levels,125,323.46,323.5455409633156,LGBM,0.08554096331562278,0.007317256404964722,,0.0002644560790070574,offline,train
co2_levels,126,323.33,323.49437717624005,LGBM,0.1643771762400661,0.027019856068657748,,0.0005083882604152602,offline,train
co2_levels,127,323.34,323.45519371249395,LGBM,0.11519371249397636,0.013269591398144886,,0.00035626186829336415,offline,train
co2_levels,128,323.26,323.3787209080729,LGBM,0.11872090807293034,0.014094654013661176,,0.0003672613625964559,offline,train
co2_levels,129,323.68,323.434698727085,LGBM,0.24530127291501458,0.060172714493726465,,0.0007578511891838068,offline,train
co2_levels,130,323.95,323.7717181292876,LGBM,0.17828187071239654,0.031784425424711674,,0.0005503376160283888,offline,train
co2_levels,131,323.75,323.98041265651665,LGBM,0.23041265651664844,0.053089992283059016,,0.0007116993251479488,offline,train
co2_levels,132,324.31,323.99138182835844,LGBM,0.31861817164156037,0.10151753930021082,,0.0009824494207442273,offline,train
co2_levels,133,324.28,324.3324455940794,LGBM,0.052445594079415514,0.0027505403383428235,,0.0001617293514228923,offline,train
co2_levels,134,324.46,324.3711078142175,LGBM,0.08889218578246982,0.00790182069318513,,0.00027396962886787227,offline,train
co2_levels,135,324.49,324.49902211689135,LGBM,0.009022116891344467,8.139859320108315e-05,,2.7803990543142984e-05,offline,train
co2_levels,136,325.19,324.69108944355884,LGBM,0.4989105564411602,0.2489117433284281,,0.0015342124802151364,offline,train
co2_levels,137,324.99,325.1861217798759,LGBM,0.1961217798759094,0.03846375254169466,,0.0006034701987012197,offline,train
co2_levels,138,325.38,325.1734322880688,LGBM,0.20656771193119994,0.0426702196124912,,0.0006348506728477471,offline,train
co2_levels,139,324.89,325.3596493081347,LGBM,0.46964930813470573,0.22057047263140778,,0.001445564062097035,offline,train
co2_levels,140,324.8,324.97975146162315,LGBM,0.17975146162314104,0.03231058795565555,,0.0005534219877559761,offline,train
co2_levels,141,324.91,324.98909973107504,LGBM,0.07909973107501855,0.006256767456140256,,0.00024345120517995305,offline,train
co2_levels,142,325.01,324.9964085627179,LGBM,0.013591437282116203,0.00018472716739369828,,4.181852029819453e-05,offline,train
co2_levels,143,325.31,325.16055585307754,LGBM,0.14944414692246255,0.022333553049382573,,0.0004593899570331762,offline,train
co2_levels,144,325.61,325.44277312542306,LGBM,0.1672268745769543,0.0279648275807764,,0.0005135802787904373,offline,train
co2_levels,145,325.75,325.6891310260137,LGBM,0.06086897398631663,0.003705031994146891,,0.00018685794009613702,offline,train
co2_levels,146,325.15,325.73949866851575,LGBM,0.5894986685157733,0.34750868018186953,,0.001813005285301471,offline,train
co2_levels,147,325.44,325.29991833268963,LGBM,0.14008166731036908,0.019622873516452928,,0.00043043776828407415,offline,train
co2_levels,148,325.65,325.55886120094203,LGBM,0.0911387990579442,0.00830628069372433,,0.0002798673393457522,offline,train
co2_levels,149,326.02,325.7737163762016,LGBM,0.24628362379837654,0.06065562335126026,,0.0007554248935598323,offline,train
co2_levels,150,326.11,326.09344373678533,LGBM,0.01655626321468162,0.0002741098516338198,,5.07689528523554e-05,offline,train
co2_levels,151,326.18,326.1742703508941,LGBM,0.005729649105887802,3.282887887660089e-05,,1.7565911784560063e-05,offline,train
co2_levels,152,325.96,326.1743110431119,LGBM,0.21431104311193394,0.04592922319972521,,0.0006574765097310528,offline,train
co2_levels,153,325.93,326.07441324561427,LGBM,0.14441324561425972,0.020855185508844507,,0.000443080555991347,offline,train
co2_levels,154,326.12,326.0310989054529,LGBM,0.08890109454711137,0.007903404611674434,,0.0002726023995679853,offline,train
co2_levels,155,326.01,326.16716488154987,LGBM,0.15716488154987474,0.024700799992586155,,0.000482086075733489,offline,train
co2_levels,156,325.85,326.0520876940091,LGBM,0.20208769400909432,0.04083943606991334,,0.0006201862636461388,offline,train
co2_levels,157,325.39,325.8745822895035,LGBM,0.4845822895035212,0.23481999530047445,,0.0014892353468254134,offline,train
co2_levels,158,325.99,325.5969610492299,LGBM,0.3930389507701193,0.15447961682247627,,0.0012056779372683804,offline,train
co2_levels,159,326.34,326.1115699389378,LGBM,0.2284300610621699,0.052180292796866666,,0.0006999756728018934,offline,train
co2_levels,160,326.67,326.4614242767738,LGBM,0.208575723226204,0.04350383231933405,,0.0006384905967067805,offline,train
co2_levels,161,326.77,326.7407574803751,LGBM,0.029242519624858687,0.0008551249540102454,,8.948960928132537e-05,offline,train
co2_levels,162,326.38,326.7878278519971,LGBM,0.40782785199712634,0.16632355686459,,0.0012495491512872308,offline,train
co2_levels,163,326.69,326.5145335090527,LGBM,0.17546649094731492,0.03078848944536415,,0.0005371039546582844,offline,train
co2_levels,164,326.75,326.75017997842957,LGBM,0.0001799784295712925,3.23922351109487e-08,,5.508138624982173e-07,offline,train
co2_levels,165,326.81,326.84220439324514,LGBM,0.03220439324513791,0.001037122944287484,,9.854163962283255e-05,offline,train
co2_levels,166,326.71,326.85568979833135,LGBM,0.1456897983313752,0.021225517337836772,,0.0004459300245825815,offline,train
co2_levels,167,326.96,326.8378430714826,LGBM,0.12215692851737003,0.014922315184797853,,0.0003736142907920542,offline,train
co2_levels,168,326.39,326.9514787376204,LGBM,0.5614787376204049,0.3152583727998035,,0.0017202694249836236,offline,train
co2_levels,169,327.3,326.61925797547815,LGBM,0.6807420245218623,0.46340970395012376,,0.0020798717522818888,offline,train
co2_levels,170,327.12,327.3612743720464,LGBM,0.241274372046405,0.05821332260638706,,0.0007375714479286042,offline,train
co2_levels,171,326.87,327.13261158270825,LGBM,0.2626115827082458,0.06896484337252982,,0.000803412924735356,offline,train
co2_levels,172,327.38,327.0800944710997,LGBM,0.29990552890029676,0.08994332626496673,,0.000916077735048863,offline,train
co2_levels,173,327.69,327.5170409595713,LGBM,0.1729590404286796,0.029914829666009623,,0.0005278129952964069,offline,train
co2_levels,174,327.88,327.8179881352797,LGBM,0.0620118647203185,0.003845471366091082,,0.00018912975698523392,offline,train
co2_levels,175,328.33,327.98414844643406,LGBM,0.3458515535659217,0.1196132971039616,,0.0010533656795477773,offline,train
co2_levels,176,328.46,328.38080136528714,LGBM,0.07919863471283861,0.006272423740377645,,0.0002411210945407009,offline,train
co2_levels,177,328.35,328.44975143868845,LGBM,0.09975143868842906,0.009950349520411423,,0.0003037960672709884,offline,train
co2_levels,178,328.49,328.47327511344275,LGBM,0.016724886557256013,0.0002797218303530829,,5.091444658058392e-05,offline,train
co2_levels,179,328.89,328.6513701283273,LGBM,0.23862987167268557,0.05694421565452238,,0.0007255613477840177,offline,train
co2_levels,180,328.97,328.963332059327,LGBM,0.006667940673025896,4.446143281899304e-05,,2.026914512881386e-05,offline,train
co2_levels,181,329.1,329.07792569562815,LGBM,0.022074304371869857,0.0004872749135019527,,6.707476260063767e-05,offline,train
co2_levels,182,329.52,329.2636551172375,LGBM,0.2563448827625052,0.06571269891852255,,0.0007779342157152987,offline,train
co2_levels,183,329.83,329.6582490346875,LGBM,0.17175096531246936,0.029498394085765055,,0.0005207257232891773,offline,train
co2_levels,184,330.18,329.980218255783,LGBM,0.19978174421703443,0.03991274532240057,,0.0006050691871616525,offline,train
co2_levels,185,330.66,330.3123386981259,LGBM,0.3476613018740977,0.1208683808207925,,0.0010514162640600548,offline,train
co2_levels,186,330.56,330.6966974309443,LGBM,0.13669743094430942,0.01868618762677424,,0.0004135328864481771,offline,train
co2_levels,187,330.33,330.5658421053251,LGBM,0.23584210532510497,0.055621498644177904,,0.0007139590873523597,offline,train
co2_levels,188,330.13,330.4080142940268,LGBM,0.278014294026832,0.07729194768323779,,0.0008421358071875685,offline,train
co2_levels,189,329.45,330.13641530904977,LGBM,0.686415309049778,0.4711659764979022,,0.002083518922597596,offline,train
co2_levels,190,329.3,329.52480708252125,LGBM,0.22480708252123804,0.05053822435171073,,0.0006826816960863591,offline,train
co2_levels,191,330.03,329.532090062691,LGBM,0.49790993730897526,0.24791430567102768,,0.0015086808390418305,offline,train
co2_levels,192,330.15,330.0871785437801,LGBM,0.06282145621986501,0.003946535361584416,,0.00019028155753404518,offline,train
co2_levels,193,330.24,330.24911343888255,LGBM,0.009113438882536684,8.305476826573149e-05,,2.7596411344890636e-05,offline,train
co2_levels,194,330.22,330.31607499094355,LGBM,0.09607499094352079,0.009230403884797601,,0.00029094237460941427,offline,train
co2_levels,195,329.79,330.2160024123567,LGBM,0.426002412356695,0.1814780553337236,,0.0012917384164368082,offline,train
co2_levels,196,330.21,329.99246834226983,LGBM,0.2175316577301487,0.04732002211482657,,0.0006587676258446102,offline,train
co2_levels,197,330.54,330.3574026734614,LGBM,0.18259732653859828,0.033341783659043486,,0.0005524212698571981,offline,train
co2_levels,198,330.44,330.5625986076222,LGBM,0.12259860762219432,0.015030418590900764,,0.00037101624386331653,offline,train
co2_levels,199,330.53,330.53962753023535,LGBM,0.009627530235377435,9.268933843310669e-05,,2.9127553430482666e-05,offline,train
co2_levels,200,330.5,330.59113501866284,LGBM,0.09113501866283968,0.008305591626676137,,0.00027574892182402323,offline,train
co2_levels,201,330.55,330.6166618825483,LGBM,0.06666188254831695,0.004443806584885604,,0.00020166958871068507,offline,train
co2_levels,202,330.84,330.64473767303895,LGBM,0.19526232696102852,0.03812737633023561,,0.0005902016895207005,offline,train
co2_levels,203,330.85,330.8928024708136,LGBM,0.04280247081356947,0.0018320515077464663,,0.00012937122808997874,offline,train
co2_levels,204,330.37,330.8547512593926,LGBM,0.48475125939256714,0.2349837834826799,,0.0014672980579125438,offline,train
co2_levels,205,330.53,330.48769857937117,LGBM,0.042301420628803044,0.0017894101872149236,,0.00012798057855203173,offline,train
co2_levels,206,330.98,330.7130519826757,LGBM,0.26694801732429596,0.07126124395337262,,0.0008065382117478275,offline,train
co2_levels,207,331.01,331.0414912965707,LGBM,0.031491296570720806,0.000991701759705092,,9.513699456427542e-05,offline,train
co2_levels,208,331.12,331.1440232729052,LGBM,0.02402327290519679,0.0005771176410775623,,7.255156108116934e-05,offline,train
co2_levels,209,331.33,331.22348361255126,LGBM,0.10651638744872116,0.011345740795126083,,0.00032148126474729476,offline,train
co2_levels,210,331.6,331.4524199466487,LGBM,0.1475800533513052,0.021779872147174088,,0.0004450544431583389,offline,train
co2_levels,211,331.61,331.702455878856,LGBM,0.09245587885595796,0.008548089535027574,,0.00027880907950893506,offline,train
co2_levels,212,331.56,331.67565971685974,LGBM,0.11565971685973864,0.01337717010407491,,0.0003488349525266577,offline,train
co2_levels,213,331.72,331.6957471161191,LGBM,0.024252883880933496,0.0005882023765420438,,7.311251622131163e-05,offline,train
co2_levels,214,331.67,331.8336428191438,LGBM,0.16364281914377443,0.026778972257322068,,0.0004933904759060947,offline,train
co2_levels,215,332.13,331.8953568739116,LGBM,0.2346431260883719,0.05505739662052359,,0.0007064797702356665,offline,train
co2_levels,216,331.79,332.095818940129,LGBM,0.30581894012897237,0.093525224141608,,0.0009217244043791927,offline,train
co2_levels,217,332.16,331.96959405727904,LGBM,0.19040594272098588,0.036254423023467354,,0.0005732356175366867,offline,train
co2_levels,218,331.75,332.1642377972119,LGBM,0.4142377972119107,0.17159295263897603,,0.0012486444527864678,offline,train
co2_levels,219,331.56,331.8557725802482,LGBM,0.2957725802481832,0.08748141922666797,,0.0008920635186638413,offline,train
co2_levels,220,332.23,331.7938396723499,LGBM,0.43616032765010004,0.19023583141584263,,0.001312826438461608,offline,train
co2_levels,221,332.07,332.25355421904334,LGBM,0.18355421904334435,0.03369215132861204,,0.0005527576084661197,offline,train
co2_levels,222,332.07,332.13277912738977,LGBM,0.0627791273897742,0.003941218835821498,,0.00018905389643681815,offline,train
co2_levels,223,331.98,332.1526467895536,LGBM,0.17264678955359614,0.02980691394316371,,0.0005200517788830535,offline,train
co2_levels,224,332.35,332.1381446831979,LGBM,0.21185531680214353,0.0448826752573366,,0.0006374464173375765,offline,train
co2_levels,225,332.59,332.4169928641922,LGBM,0.17300713580777938,0.029931469040411416,,0.0005201814119720358,offline,train
co2_levels,226,332.77,332.6847688995561,LGBM,0.0852311004438775,0.0072643404828743345,,0.00025612615453279294,offline,train
co2_levels,227,332.58,332.7808693486773,LGBM,0.20086934867731543,0.04034849523804892,,0.0006039730250686013,offline,train
co2_levels,228,333.4,332.77378040785965,LGBM,0.6262195921403304,0.39215097758040174,,0.001878283119797032,offline,train
co2_levels,229,333.54,333.4582110744867,LGBM,0.08178892551330819,0.0066894283366214745,,0.00024521474339901715,offline,train
co2_levels,230,334.0,333.7081581307706,LGBM,0.29184186922941535,0.08517167663531917,,0.0008737780515850759,offline,train
co2_levels,231,333.79,333.9806618307081,LGBM,0.1906618307080521,0.03635193368894592,,0.0005712029440907519,offline,train
co2_levels,232,334.01,333.8574331947603,LGBM,0.1525668052397009,0.023276630061048825,,0.0004567731661917335,offline,train
co2_levels,233,333.91,334.07170919553846,LGBM,0.16170919553843532,0.026149863921687912,,0.0004842897653213001,offline,train
co2_levels,234,334.36,334.04156841467784,LGBM,0.3184315853221733,0.10139867453079254,,0.0009523614826001116,offline,train
co2_levels,235,334.51,334.45268264266156,LGBM,0.057317357338433794,0.00328527945226171,,0.0001713472163416155,offline,train
co2_levels,236,334.69,334.58572249405717,LGBM,0.10427750594283225,0.010873798245657415,,0.0003115644505149011,offline,train
co2_levels,237,334.58,334.7520405036621,LGBM,0.17204050366211732,0.029597934900315002,,0.0005141984089369278,offline,train
co2_levels,238,335.01,334.7505743617569,LGBM,0.2594256382431013,0.06730166177784046,,0.0007743817744040515,offline,train
co2_levels,239,334.6,335.0012539049406,LGBM,0.40125390494057456,0.16100469623005964,,0.0011992047368218008,offline,train
co2_levels,240,335.0,334.7225493212216,LGBM,0.27745067877839347,0.07697887915459127,,0.0008282109814280402,offline,train
co2_levels,241,335.07,335.10491695758316,LGBM,0.03491695758316382,0.0012191939268644614,,0.00010420794933346412,offline,train
co2_levels,242,335.08,335.1429672195425,LGBM,0.06296721954254281,0.003964870736918785,,0.00018791697368551632,offline,train
co2_levels,243,335.6,335.2939358065057,LGBM,0.3060641934943078,0.09367529053932108,,0.0009119910414013938,offline,train
co2_levels,244,335.65,335.701703035253,LGBM,0.051703035253012786,0.002673203854374283,,0.00015403853792049095,offline,train
co2_levels,245,335.87,335.7620232178621,LGBM,0.10797678213788231,0.0116589854808517,,0.00032148385428255665,offline,train
co2_levels,246,335.51,335.8252304904779,LGBM,0.31523049047791574,0.09937026212694733,,0.0009395561696459591,offline,train
co2_levels,247,335.72,335.6616053341299,LGBM,0.058394665870139306,0.0034099370020852122,,0.00017393859725407871,offline,train
co2_levels,248,335.99,335.81771062567975,LGBM,0.1722893743202576,0.02968362850366584,,0.0005127812563476817,offline,train
co2_levels,249,335.88,336.016077865675,LGBM,0.1360778656750199,0.018517185526668756,,0.0004051383401066449,offline,train
co2_levels,250,336.22,336.03633458581436,LGBM,0.1836654141856684,0.03373298436799312,,0.0005462655826115887,offline,train
co2_levels,251,336.0,336.25651728237943,LGBM,0.25651728237943416,0.06580111615933036,,0.000763444292795935,offline,train
co2_levels,252,336.56,336.19479768008466,LGBM,0.36520231991534047,0.13337273447154668,,0.0010851031611461268,offline,train
co2_levels,253,336.11,336.5224133812775,LGBM,0.4124133812774744,0.17008479705671947,,0.001227019074938188,offline,train
co2_levels,254,336.24,336.2214754912779,LGBM,0.0185245087221233,0.00034315742339602226,,5.5093114210454736e-05,offline,train
co2_levels,255,336.83,336.42713123325314,LGBM,0.4028687667468489,0.16230324322012696,,0.0011960596346728288,offline,train
co2_levels,256,336.69,336.87077164712446,LGBM,0.18077164712445892,0.032678388404089896,,0.0005369082750436868,offline,train
co2_levels,257,337.2,336.9114159143106,LGBM,0.2885840856893651,0.08328077451316683,,0.0008558246906564802,offline,train
co2_levels,258,337.19,337.2027800182155,LGBM,0.012780018215494238,0.0001633288655883645,,3.790153389926818e-05,offline,train
co2_levels,259,337.57,337.3442582932555,LGBM,0.22574170674448624,0.05095931816391362,,0.000668725617633339,offline,train
co2_levels,260,337.59,337.59808441624295,LGBM,0.008084416242979842,6.53577859897563e-05,,2.3947439921146487e-05,offline,train
co2_levels,261,337.83,337.72318970374266,LGBM,0.10681029625732208,0.01140843938657691,,0.000316165811968511,offline,train
co2_levels,262,338.13,337.9378153233111,LGBM,0.19218467668889616,0.03693494995401555,,0.0005683751122021002,offline,train
co2_levels,263,337.85,338.1503718239644,LGBM,0.3003718239643831,0.09022323263169035,,0.0008890685924652452,offline,train
co2_levels,264,338.51,338.098701334262,LGBM,0.411298665738002,0.1691665924378607,,0.0012150266335942868,offline,train
co2_levels,265,338.31,338.5080772517757,LGBM,0.19807725177571456,0.03923459767101982,,0.0005854903838955827,offline,train
co2_levels,266,338.4,338.4055064048281,LGBM,0.0055064048281110445,3.0320494131044622e-05,,1.627188187976077e-05,offline,train
co2_levels,267,338.85,338.4859603774322,LGBM,0.36403962256781597,0.1325248467993179,,0.0010743385644616083,offline,train
co2_levels,268,338.56,338.8727177295971,LGBM,0.31271772959712507,0.09779237840438064,,0.0009236700425245897,offline,train
co2_levels,269,339.07,338.7772799665471,LGBM,0.29272003345289477,0.08568501798466384,,0.0008633026615533512,offline,train
co2_levels,270,339.38,339.1860095760598,LGBM,0.1939904239401926,0.037632284580495654,,0.0005716024042082404,offline,train
co2_levels,271,339.4,339.45392336758965,LGBM,0.05392336758967531,0.0029077295722112454,,0.00015887851381754658,offline,train
co2_levels,272,339.46,339.4782147914505,LGBM,0.018214791450532175,0.00033177862758638,,5.3658137779214565e-05,offline,train
co2_levels,273,339.26,339.478526208504,LGBM,0.21852620850398807,0.04775370380312847,,0.0006441260640924014,offline,train
co2_levels,274,339.42,339.40754907475446,LGBM,0.012450925245559574,0.00015502553947051274,,3.668294515809196e-05,offline,train
co2_levels,275,339.98,339.60676251515196,LGBM,0.37323748484806174,0.13930622009570712,,0.0010978218861346601,offline,train
co2_levels,276,340.08,340.05808063028644,LGBM,0.0219193697135438,0.00048045876863902126,,6.445356890597448e-05,offline,train
co2_levels,277,339.98,340.13605910826476,LGBM,0.156059108264742,0.024354445272386466,,0.0004590243786832814,offline,train
co2_levels,278,339.97,340.0939036105598,LGBM,0.12390361055975063,0.015352104709742348,,0.0003644545417529506,offline,train
co2_levels,279,340.06,340.07551225209954,LGBM,0.015512252099540547,0.0002406299651997001,,4.561622095965578e-05,offline,train
co2_levels,280,339.92,340.07728458330274,LGBM,0.15728458330272588,0.024738440144712114,,0.000462710588675941,offline,train
co2_levels,281,339.87,340.02994776357707,LGBM,0.15994776357706542,0.025583287073304813,,0.00047061453960945483,offline,train
co2_levels,282,340.17,340.0338562823714,LGBM,0.1361437176286131,0.01853511184973954,,0.00040022258761387866,offline,train
co2_levels,283,340.39,340.2534090851074,LGBM,0.13659091489256525,0.018657078031188004,,0.00040127769585641547,offline,train
co2_levels,284,340.75,340.5265025768871,LGBM,0.2234974231129172,0.04995109813811434,,0.0006558985271105421,offline,train
co2_levels,285,340.85,340.81720050995807,LGBM,0.032799490041952595,0.0010758065470121475,,9.622851706601904e-05,offline,train
co2_levels,286,341.09,340.93955450567097,LGBM,0.15044549432900567,0.022633846763898877,,0.0004410727207745923,offline,train
co2_levels,287,341.16,341.1509017579432,LGBM,0.009098242056836625,8.277800852479075e-05,,2.6668548648248987e-05,offline,train
co2_levels,288,341.18,341.2287586617555,LGBM,0.04875866175547117,0.0023774070961844465,,0.00014291184054009956,offline,val
co2_levels,289,341.32,341.29701436778885,LGBM,0.022985632211145912,0.0005283392881460685,,6.734334996819968e-05,offline,val
co2_levels,290,341.67,341.397494746028,LGBM,0.2725052539720423,0.07425911344236727,,0.0007975685719321049,offline,val
co2_levels,291,341.43,341.7399086743583,LGBM,0.30990867435826885,0.09604338644249953,,0.0009076785120178919,offline,val
co2_levels,292,341.61,341.5325682523532,LGBM,0.07743174764681271,0.005995675543639686,,0.00022666709887536287,offline,val
co2_levels,293,341.64,341.60058752719254,LGBM,0.039412472807441645,0.0015533430127973272,,0.00011536258285751565,offline,val
co2_levels,294,341.56,341.6995565308396,LGBM,0.13955653083957031,0.01947602529997594,,0.0004085856975043047,offline,val
co2_levels,295,341.77,341.62347160038104,LGBM,0.14652839961894415,0.021470571894888994,,0.0004287339427654392,offline,val
co2_levels,296,341.59,341.877796489783,LGBM,0.28779648978303385,0.0828268195314359,,0.0008425202429316838,offline,val
co2_levels,297,341.7,341.7026032727462,LGBM,0.002603272746227958,6.777028991253255e-06,,7.618591589780387e-06,offline,val
co2_levels,298,341.75,341.7848412780271,LGBM,0.03484127802710191,0.0012139146545618142,,0.00010194960651675759,offline,val
co2_levels,299,342.25,341.8434065753868,LGBM,0.4065934246132201,0.16531821293870633,,0.0011880012406522136,offline,val
co2_levels,300,341.85,342.31359476411274,LGBM,0.46359476411271316,0.21492010531272215,,0.0013561350420146648,offline,val
co2_levels,301,342.76,342.0247496846482,LGBM,0.7352503153517773,0.540593026224888,,0.0021450878613367293,offline,val
co2_levels,302,342.97,342.7755928541866,LGBM,0.1944071458134431,0.03779413834332933,,0.0005668342590122841,offline,val
co2_levels,303,343.3,343.04315611101526,LGBM,0.2568438889847471,0.06596878330880908,,0.0007481616340948065,offline,val
co2_levels,304,343.56,343.34139518724817,LGBM,0.21860481275183474,0.04778806415826473,,0.0006362929699378121,offline,val
co2_levels,305,343.89,343.6109152072504,LGBM,0.2790847927495861,0.07788832154407942,,0.0008115525102491671,offline,val
co2_levels,306,343.59,343.9009488184983,LGBM,0.310948818498332,0.09668916772550862,,0.0009049996172715505,offline,val
co2_levels,307,343.86,343.7701836128138,LGBM,0.08981638718620388,0.00806698340718209,,0.0002612004513063569,offline,val
co2_levels,308,343.92,343.96227752595496,LGBM,0.04227752595494394,0.0017873892008709584,,0.00012292837274640597,offline,val
co2_levels,309,344.12,344.01736652793585,LGBM,0.10263347206415574,0.010533629587943837,,0.0002982490760901887,offline,val
co2_levels,310,344.32,344.14976861084347,LGBM,0.1702313891565268,0.02897872585416087,,0.000494398783563333,offline,val
co2_levels,311,344.39,344.3986856424982,LGBM,0.008685642498221569,7.544038560691261e-05,,2.5220367891697113e-05,offline,val
co2_levels,312,344.26,344.51787516118196,LGBM,0.2578751611819712,0.06649959875462762,,0.0007490709381919805,offline,val
co2_levels,313,344.75,344.40186215555684,LGBM,0.34813784444315843,0.12119995873352878,,0.0010098269599511484,offline,val
co2_levels,314,344.59,344.827950759334,LGBM,0.23795075933401222,0.056620563867633006,,0.0006905329792913673,offline,val
co2_levels,315,344.73,344.6578061979155,LGBM,0.0721938020845414,0.005211945059421934,,0.0002094212922708827,offline,val
co2_levels,316,345.02,344.82925316953384,LGBM,0.19074683046613927,0.03638435333287808,,0.0005528573139706083,offline,val
co2_levels,317,345.12,345.13878271779436,LGBM,0.01878271779435181,0.00035279048774226017,,5.442373028034252e-05,offline,val
co2_levels,318,344.76,345.19184697888744,LGBM,0.4318469788874495,0.18649181317421726,,0.001252601748716352,offline,val
co2_levels,319,345.19,344.8939222988476,LGBM,0.29607770115239873,0.08766200511968913,,0.0008577238655592535,offline,val
co2_levels,320,345.41,345.1842131277073,LGBM,0.22578687229270145,0.050979711699720674,,0.0006536778677302378,offline,val
co2_levels,321,345.88,345.47946475690884,LGBM,0.40053524309115573,0.16042848095809123,,0.0011580179342290844,offline,val
co2_levels,322,345.59,345.8896878539752,LGBM,0.2996878539752288,0.08981280982027806,,0.0008671774471924211,offline,val
co2_levels,323,345.92,345.7490575858338,LGBM,0.1709424141662339,0.029221308960980245,,0.0004941674785101581,offline,val
co2_levels,324,346.56,345.9202227879989,LGBM,0.6397772120010927,0.40931488099589114,,0.0018460792128378715,offline,val
co2_levels,325,346.08,346.6375835178548,LGBM,0.5575835178548232,0.31089937938335993,,0.001611140539340104,offline,val
co2_levels,326,346.12,346.25780027672107,LGBM,0.13780027672106598,0.01898891626440236,,0.00039812861643668667,offline,val
co2_levels,327,346.23,346.19455356631363,LGBM,0.035446433686388445,0.0012564496610835336,,0.00010237828520459939,offline,val
co2_levels,328,346.08,346.3655115221929,LGBM,0.28551152219290543,0.08151682930490993,,0.0008249870613525932,offline,val
co2_levels,329,346.57,346.20027643611576,LGBM,0.3697235638842358,0.13669551369126057,,0.0010668077556748588,offline,val
co2_levels,330,346.59,346.6914167004651,LGBM,0.10141670046510853,0.010285347133229546,,0.0002926128868839509,offline,val
co2_levels,331,346.6,346.69846194530527,LGBM,0.09846194530524599,0.009694754673293253,,0.00028407947289453545,offline,val
co2_levels,332,346.82,346.71703981816034,LGBM,0.10296018183964861,0.010600799044453508,,0.00029686921699915986,offline,val
co2_levels,333,347.04,346.92088240974664,LGBM,0.11911759025338142,0.01418900030777247,,0.00034323879164759513,offline,val
co2_levels,334,346.82,347.12626065365254,LGBM,0.3062606536525436,0.09379558797568328,,0.0008830536118232617,offline,val
co2_levels,335,346.98,346.9702261850327,LGBM,0.009773814967331873,9.552745901564054e-05,,2.816823726823411e-05,offline,val
co2_levels,336,346.93,347.05950158990095,LGBM,0.12950158990093996,0.016770661786871234,,0.0003732787302941226,offline,val
co2_levels,337,347.29,347.0332021621208,LGBM,0.25679783787921906,0.06594512953944168,,0.000739433435685505,offline,val
co2_levels,338,347.42,347.33164845280527,LGBM,0.08835154719474758,0.007805995891705709,,0.0002543076023105969,offline,val
co2_levels,339,347.61,347.52513849089377,LGBM,0.08486150910624701,0.007201475727789645,,0.00024412850351326776,offline,val
co2_levels,340,347.43,347.6713315315447,LGBM,0.241331531544688,0.05824090811770474,,0.0006946191507488933,offline,val
co2_levels,341,347.51,347.51084966743076,LGBM,0.0008496674307707508,7.219347429125686e-07,,2.445015771548303e-06,offline,val
co2_levels,342,348.61,347.62861352978973,LGBM,0.9813864702102819,0.9631194039117965,,0.002815141476751332,offline,val
co2_levels,343,348.04,348.7048524908521,LGBM,0.6648524908520699,0.44202883459220166,,0.0019102760914034877,offline,val
co2_levels,344,348.28,348.15697286383204,LGBM,0.12302713616793426,0.015135676233683438,,0.00035324203562631866,offline,val
co2_levels,345,348.36,348.3771334361181,LGBM,0.0171334361180584,0.00029355463321158805,,4.91831327306763e-05,offline,val
co2_levels,346,348.66,348.4755465059197,LGBM,0.18445349408034417,0.034023091478447565,,0.0005290354330302993,offline,val
co2_levels,347,348.24,348.6870649054564,LGBM,0.44706490545638644,0.19986702969072775,,0.0012837839003456996,offline,val
co2_levels,348,348.39,348.3873381956702,LGBM,0.0026618043297617078,7.085202289938174e-06,,7.640300610699813e-06,offline,val
co2_levels,349,348.84,348.4971372399765,LGBM,0.34286276002347904,0.11755487221091777,,0.00098286538247758,offline,val
co2_levels,350,349.09,348.93817004414444,LGBM,0.15182995585553272,0.023052335495093012,,0.00043493069367650956,offline,val
co2_levels,351,349.29,349.21901461961653,LGBM,0.07098538038349034,0.005038924228188814,,0.00020322763429668852,offline,val
co2_levels,352,349.51,349.3066351440306,LGBM,0.20336485596936882,0.041357264643442124,,0.0005818570454904547,offline,val
co2_levels,353,349.65,349.5316317839754,LGBM,0.11836821602457803,0.014011034564841172,,0.00033853343636372957,offline,val
co2_levels,354,349.85,349.7657607209842,LGBM,0.08423927901583284,0.007096256129107335,,0.00024078684869467722,offline,val
co2_levels,355,349.96,349.8831127922214,LGBM,0.07688720777855451,0.005911642719982613,,0.00021970284540677367,offline,val
co2_levels,356,350.15,350.0550240475276,LGBM,0.09497595247239587,0.0090204315480388,,0.0002712436169424415,offline,val
co2_levels,357,350.14,350.2422310653807,LGBM,0.1022310653806926,0.010451190728871445,,0.0002919719694427732,offline,val
co2_levels,358,350.49,350.2556166843645,LGBM,0.23438331563551174,0.05493553864829592,,0.0006687303935504914,offline,val
co2_levels,359,350.99,350.5153891798382,LGBM,0.4746108201617858,0.22525543061464298,,0.0013522061031989111,offline,val
co2_levels,360,350.99,351.07165899323894,LGBM,0.081658993238932,0.006668191176795942,,0.00023265333268449812,offline,val
co2_levels,361,351.03,351.1098496462089,LGBM,0.07984964620891333,0.006375965999688627,,0.0002274724274532471,offline,val
co2_levels,362,351.22,351.1089794032882,LGBM,0.11102059671185316,0.01232557289425594,,0.00031609987105476095,offline,val
co2_levels,363,351.55,351.31314838512253,LGBM,0.2368516148774802,0.05609868747007019,,0.0006737352151258148,offline,val
co2_levels,364,352.15,351.70086579114917,LGBM,0.4491342088508077,0.20172153756004094,,0.0012754059601045229,offline,val
co2_levels,365,352.01,352.1797190149891,LGBM,0.16971901498908437,0.028804544048865045,,0.00048214259534980366,offline,val
co2_levels,366,352.18,352.17176755188495,LGBM,0.008232448115052193,6.777320196702641e-05,,2.3375683216117306e-05,offline,val
co2_levels,367,352.62,352.21080972711746,LGBM,0.4091902728825403,0.16743667942168777,,0.0011604284297048956,offline,val
co2_levels,368,352.53,352.6830056442226,LGBM,0.15300564422261687,0.02341072716397801,,0.00043402162715972225,offline,val
co2_levels,369,352.52,352.6500721917607,LGBM,0.13007219176074614,0.016918775069444315,,0.00036897819062959875,offline,val
co2_levels,370,352.99,352.5564123342518,LGBM,0.4335876657482345,0.1879982638890027,,0.0012283284675153247,offline,val
co2_levels,371,352.69,353.07867765738354,LGBM,0.3886776573835391,0.1510703213491558,,0.001102037646044796,offline,val
co2_levels,372,352.6,352.8704708489836,LGBM,0.2704708489835639,0.07315448014988982,,0.0007670755785126599,offline,val
co2_levels,373,353.07,352.77489170870194,LGBM,0.2951082912980496,0.0870889035928545,,0.0008358350788740183,offline,val
co2_levels,374,352.78,353.1095316470225,LGBM,0.32953164702252025,0.10859110638937487,,0.0009340995720350367,offline,val
co2_levels,375,353.06,352.9222143739281,LGBM,0.1377856260718886,0.01898487875202231,,0.00039026121925986686,offline,val
co2_levels,376,353.38,353.10002575633007,LGBM,0.2799742436699262,0.0783855771185472,,0.0007922752947816124,offline,val
co2_levels,377,353.43,353.4702786958368,LGBM,0.04027869583677557,0.0016223733383114816,,0.00011396512983271246,offline,val
co2_levels,378,353.37,353.5561670791477,LGBM,0.18616707914770814,0.03465818135838902,,0.0005268332884730116,offline,val
co2_levels,379,353.57,353.46092728763585,LGBM,0.10907271236413862,0.011896856582470118,,0.0003084897258368601,offline,val
co2_levels,380,353.68,353.64684801770034,LGBM,0.03315198229967109,0.0010990539303977053,,9.373439917346496e-05,offline,val
co2_levels,381,353.84,353.812088435929,LGBM,0.02791156407096196,0.0007790554088874144,,7.88818790158319e-05,offline,val
co2_levels,382,353.78,353.93730176083335,LGBM,0.1573017608333771,0.02474384396128097,,0.000444631581303005,offline,val
co2_levels,383,354.37,353.9365247503571,LGBM,0.4334752496429246,0.1879007920529958,,0.0012232278399495573,offline,val
co2_levels,384,354.27,354.39520092315934,LGBM,0.12520092315935472,0.015675271159954644,,0.0003534053777044478,offline,val
co2_levels,385,353.76,354.40744625182845,LGBM,0.6474462518284554,0.41918664900671565,,0.0018301850176064434,offline,val
co2_levels,386,354.23,353.84950487215224,LGBM,0.38049512784778017,0.14477654231589857,,0.0010741471017355394,offline,val
co2_levels,387,354.02,354.3242431667294,LGBM,0.30424316672940677,0.0925639045015376,,0.0008593954203983018,offline,val
co2_levels,388,354.24,354.1651052236486,LGBM,0.07489477635141384,0.005609227524728298,,0.00021142382664694512,offline,val
co2_levels,389,354.68,354.2841747326143,LGBM,0.39582526738570323,0.15667764230096345,,0.001116006731097618,offline,val
co2_levels,390,354.69,354.76329992771844,LGBM,0.07329992771843763,0.005372879403528181,,0.00020665913253386798,offline,val
co2_levels,391,354.94,354.79753529931537,LGBM,0.14246470068462713,0.0202961909411604,,0.00040137685435461527,offline,val
co2_levels,392,355.18,354.9786540891929,LGBM,0.20134591080710607,0.04054017579874311,,0.0005668841455236952,offline,val
co2_levels,393,355.26,355.25754312371777,LGBM,0.0024568762822241297,6.0362410661554615e-06,,6.915713230378117e-06,offline,val
co2_levels,394,354.9,355.38528296379314,LGBM,0.4852829637931677,0.2354995549478809,,0.001367379441513575,offline,val
co2_levels,395,355.11,355.0240868701968,LGBM,0.08591312980320254,0.007381065872581928,,0.00024193385092845184,offline,val
co2_levels,396,355.79,355.1833470264254,LGBM,0.6066529735746258,0.3680278303469356,,0.0017050871963085689,offline,val
co2_levels,397,356.13,355.85224352352634,LGBM,0.2777564764736553,0.07714866022306023,,0.0007799300156506201,offline,val
co2_levels,398,356.1,356.20809577984943,LGBM,0.10809577984940688,0.011684697621251438,,0.00030355456290201313,offline,val
co2_levels,399,355.88,356.22072912487454,LGBM,0.3407291248745423,0.11609633653777146,,0.0009574270115616004,offline,val
co2_levels,400,355.69,355.97837494650554,LGBM,0.28837494650554163,0.083160109772074,,0.0008107479729695567,offline,val
co2_levels,401,355.59,355.7803421191595,LGBM,0.19034211915953847,0.03623012232614394,,0.0005352853543674976,offline,val
co2_levels,402,355.66,355.6614529757149,LGBM,0.0014529757148693534,2.1111384280001085e-06,,4.085294142915575e-06,offline,val
co2_levels,403,355.69,355.80353701766165,LGBM,0.11353701766165614,0.012890654379503217,,0.0003192021638552001,offline,val
co2_levels,404,355.87,355.7603416431727,LGBM,0.1096583568273104,0.012024955222065732,,0.00030814161583530615,offline,val
co2_levels,405,356.02,355.90232645653384,LGBM,0.11767354346613956,0.013847062831877437,,0.0003305250925963136,offline,val
co2_levels,406,356.29,356.16543530578633,LGBM,0.12456469421368865,0.01551636304454976,,0.00034961602687049495,offline,val
co2_levels,407,356.47,356.33435202466757,LGBM,0.13564797533246065,0.018400373211795853,,0.0003805312518092985,offline,val
co2_levels,408,356.38,356.4831464361517,LGBM,0.10314643615168961,0.010639187290794582,,0.000289428239945254,offline,val
co2_levels,409,356.51,356.47880678602326,LGBM,0.031193213976735024,0.0009730165981983773,,8.749604212149736e-05,offline,val
co2_levels,410,356.52,356.59657369499814,LGBM,0.07657369499816014,0.005863530765671254,,0.00021478092392617564,offline,val
co2_levels,411,357.07,356.61198112661174,LGBM,0.4580188733882551,0.20978128837984644,,0.001282714519249041,offline,val
co2_levels,412,356.58,357.14560835468006,LGBM,0.5656083546800801,0.3199128108839073,,0.0015862032494253185,offline,val
co2_levels,413,356.67,356.7053803339426,LGBM,0.0353803339426122,0.0012517680298907566,,9.919627090198837e-05,offline,val
co2_levels,414,356.36,356.78167663068575,LGBM,0.421676630685738,0.1778111808664763,,0.0011832883339480806,offline,val
co2_levels,415,356.72,356.49351600685577,LGBM,0.2264839931442566,0.05129499915056767,,0.0006349069105860523,offline,val
co2_levels,416,356.48,356.8404256033057,LGBM,0.3604256033056572,0.12990661551824698,,0.0010110682318942358,offline,val
co2_levels,417,356.5,356.6670037983442,LGBM,0.167003798344183,0.02789026866138454,,0.00046845385229784853,offline,val
co2_levels,418,357.06,356.612524101607,LGBM,0.4474758983930087,0.20023467964263025,,0.0012532232632975094,offline,val
co2_levels,419,356.54,357.1305867268845,LGBM,0.5905867268844531,0.3487926819720916,,0.0016564389041466682,offline,val
co2_levels,420,356.88,356.7491301345187,LGBM,0.13086986548131563,0.017126921691097648,,0.00036670551860938026,offline,val
co2_levels,421,356.71,356.9595330517326,LGBM,0.24953305173261242,0.06226674390699063,,0.00069954038780133,offline,val
co2_levels,422,357.14,356.83169489098793,LGBM,0.30830510901205344,0.09505204024293415,,0.0008632612113234402,offline,val
co2_levels,423,357.24,357.18150954287984,LGBM,0.05849045712017187,0.003421133574126664,,0.00016372874571764603,offline,val
co2_levels,424,356.87,357.31776611662184,LGBM,0.4477661166218354,0.2004944951945991,,0.0012547037201833592,offline,val
co2_levels,425,357.44,357.0447034994114,LGBM,0.3952965005885858,0.1562593233775818,,0.0011059100844577714,offline,val
co2_levels,426,357.51,357.4574784182754,LGBM,0.05252158172459076,0.0027585165468528663,,0.00014690940595952774,offline,val
co2_levels,427,357.61,357.57643493365794,LGBM,0.0335650663420779,0.0011266136785480906,,9.385941763954558e-05,offline,val
co2_levels,428,357.65,357.7128783745645,LGBM,0.06287837456454781,0.003953689987879573,,0.00017580979886634368,offline,val
co2_levels,429,357.92,357.69674226040553,LGBM,0.22325773959448725,0.04984401828883988,,0.0006237643596180354,offline,val
co2_levels,430,358.25,357.9903470714131,LGBM,0.25965292858688827,0.0674196433237477,,0.0007247813777721934,offline,val
co2_levels,431,358.21,358.3174943337439,LGBM,0.10749433374394357,0.011555031787054325,,0.00030008747311337925,offline,val
co2_levels,432,358.41,358.32373777709205,LGBM,0.08626222290797614,0.007441171101025363,,0.00024068029047173944,offline,val
co2_levels,433,358.59,358.5187945862919,LGBM,0.07120541370807132,0.005070210941337591,,0.0001985705505119254,offline,val
co2_levels,434,358.59,358.6881331178038,LGBM,0.09813311780379763,0.009630108809894023,,0.000273663843954928,offline,val
co2_levels,435,358.57,358.72954768421556,LGBM,0.15954768421556764,0.025455463538550493,,0.0004449554737305621,offline,val
co2_levels,436,358.91,358.6969826275976,LGBM,0.21301737240241891,0.04537640094523082,,0.0005935119456198459,offline,val
co2_levels,437,359.29,358.9469154636921,LGBM,0.3430845363079129,0.11770699905361562,,0.0009548958677055106,offline,val
co2_levels,438,359.31,359.38275466880674,LGBM,0.07275466880673775,0.0052932418331781,,0.0002024843973358319,offline,val
co2_levels,439,359.63,359.3719393429801,LGBM,0.25806065701988246,0.06659530270153341,,0.0007175726636261782,offline,val
co2_levels,440,359.8,359.6809897772968,LGBM,0.11901022270319572,0.014163433107864243,,0.00033076771179320656,offline,val
co2_levels,441,359.96,359.86612329578884,LGBM,0.0938767042111408,0.008812835593546021,,0.00026079760031987113,offline,val
co2_levels,442,359.91,360.0459817528312,LGBM,0.13598175283118508,0.01849103710304151,,0.0003778215465843824,offline,val
co2_levels,443,360.18,360.0377956293546,LGBM,0.14220437064540192,0.02022208303065485,,0.0003948147333150145,offline,val
co2_levels,444,360.37,360.2052193790693,LGBM,0.16478062093068502,0.02715265303430211,,0.00045725399153837725,offline,val
co2_levels,445,360.76,360.4715417098505,LGBM,0.2884582901494923,0.0832081851559687,,0.0007995850153827816,offline,val
co2_levels,446,360.73,360.78622188455927,LGBM,0.0562218845592497,0.0031609003033936,,0.00015585586050300695,offline,val
co2_levels,447,360.98,360.8296111146977,LGBM,0.15038888530233407,0.022616816822478594,,0.00041661279101981846,offline,val
co2_levels,448,361.1,361.02835947320136,LGBM,0.07164052679866018,0.005132365079989547,,0.00019839525560415446,offline,val
co2_levels,449,360.93,361.2011305840173,LGBM,0.2711305840172713,0.07351179358954661,,0.0007511999113880012,offline,val
co2_levels,450,361.7,361.0696504796463,LGBM,0.6303495203536613,0.3973405178100909,,0.0017427412782794066,offline,val
co2_levels,451,361.52,361.76685180608354,LGBM,0.24685180608355495,0.060935814166713016,,0.000682816458518353,offline,val
co2_levels,452,361.75,361.6119579429906,LGBM,0.1380420570093861,0.0190556095033826,,0.0003815951817813023,offline,val
co2_levels,453,361.67,361.7756669802608,LGBM,0.10566698026076438,0.011165510717428767,,0.0002921640729415334,offline,val
co2_levels,454,361.98,361.83726400844165,LGBM,0.14273599155836791,0.020373563286150476,,0.00039432010486316343,offline,val
co2_levels,455,362.47,361.99300746077506,LGBM,0.4769925392249661,0.22752188247628083,,0.001315950393756631,offline,val
co2_levels,456,362.64,362.53103614115463,LGBM,0.10896385884535675,0.011873122534470832,,0.0003004739103390601,offline,val
co2_levels,457,361.99,362.737339626457,LGBM,0.7473396264570056,0.5585165172728966,,0.0020645311374817136,offline,val
co2_levels,458,362.23,362.15459279373664,LGBM,0.07540720626337816,0.005686246756447658,,0.00020817493378068671,offline,val
co2_levels,459,362.82,362.3694257127377,LGBM,0.45057428726227045,0.203017188341903,,0.0012418672820193773,offline,val
co2_levels,460,362.98,362.86424236146655,LGBM,0.11575763853346643,0.013399830878844672,,0.0003189091369592441,offline,val
co2_levels,461,363.13,363.0799898901913,LGBM,0.05001010980868159,0.002501011083076391,,0.00013771957648412851,offline,val
co2_levels,462,363.14,363.1850008093709,LGBM,0.04500080937089024,0.0020250728440352026,,0.0001239213784515345,offline,val
co2_levels,463,363.12,363.2253900284671,LGBM,0.10539002846707035,0.0111070581002899,,0.0002902347115748798,offline,val
co2_levels,464,363.18,363.27921849557384,LGBM,0.09921849557383666,0.009844309863935445,,0.00027319372094784035,offline,val
co2_levels,465,363.23,363.255275111035,LGBM,0.025275111035000464,0.0006388312378316023,,6.95843158191792e-05,offline,val
co2_levels,466,363.03,363.3447034778387,LGBM,0.31470347783874786,0.09903827896380327,,0.0008668800866009638,offline,val
co2_levels,467,363.4,363.10758791583874,LGBM,0.2924120841612421,0.08550482696352132,,0.000804656258011123,offline,val
co2_levels,468,363.02,363.5062054659492,LGBM,0.4862054659492401,0.23639575511891767,,0.001339335204532092,offline,val
co2_levels,469,363.82,363.213961439363,LGBM,0.6060385606369891,0.36728273697895353,,0.0016657648305123114,offline,val
co2_levels,470,363.87,363.9162351526661,LGBM,0.046235152666099566,0.0021376893420575337,,0.00012706503054964565,offline,val
co2_levels,471,363.56,363.9889369816283,LGBM,0.42893698162828287,0.18398693420838189,,0.001179824462614927,offline,val
co2_levels,472,363.74,363.6446309213534,LGBM,0.0953690786466268,0.009095261161906489,,0.00026219024205923684,offline,val
co2_levels,473,363.98,363.8053332344658,LGBM,0.17466676553419802,0.030508478982178507,,0.00047988011850705537,offline,val
co2_levels,474,363.83,364.0859041404732,LGBM,0.25590414047320564,0.06548692911133017,,0.0007033618461182576,offline,val
co2_levels,475,364.28,363.9757685307613,LGBM,0.3042314692386867,0.09255678687512998,,0.0008351583101973392,offline,val
co2_levels,476,364.71,364.30640848151563,LGBM,0.4035915184843475,0.1628861137925014,,0.001106609411544371,offline,val
co2_levels,477,365.28,364.7556584718044,LGBM,0.5243415281955777,0.2749340381904738,,0.0014354509641797463,offline,val
co2_levels,478,365.19,365.29893599852375,LGBM,0.10893599852374791,0.011867051774366007,,0.0002982995112783699,offline,val
co2_levels,479,365.29,365.2995288518917,LGBM,0.009528851891673185,9.079901837344363e-05,,2.608571789995123e-05,offline,val
nile,4,1160.0,1149.9696424065237,LGBM,10.03035759347631,100.60807345300788,,0.00864685999437613,offline,train
nile,5,1160.0,1129.8758049221174,LGBM,30.124195077882632,907.4671290903282,,0.025969133687829854,offline,train
nile,6,813.0,1099.9696424065237,LGBM,286.9696424065237,82351.57566292808,,0.35297618992192337,offline,train
nile,7,1230.0,870.5525838687697,LGBM,359.4474161312303,129202.44496341783,,0.29223367165140673,offline,train
nile,8,1370.0,1169.9696424065237,LGBM,200.0303575934763,40012.143958974004,,0.146007560287209,offline,train
nile,9,1140.0,1309.9696424065237,LGBM,169.9696424065237,28889.679339801536,,0.14909617754958218,offline,train
nile,10,995.0,1197.5525838687697,LGBM,202.55258386876972,41027.54923191499,,0.20357043604901479,offline,train
nile,11,935.0,1052.5525838687697,LGBM,117.55258386876972,13818.609974224139,,0.12572468862970024,offline,train
nile,12,1110.0,992.5525838687697,LGBM,117.44741613123028,13793.89555590237,,0.10580848300110836,offline,train
nile,13,994.0,1049.9696424065237,LGBM,55.96964240652369,3132.600871114135,,0.05630748733050673,offline,train
nile,14,1020.0,1051.5525838687697,LGBM,31.552583868769716,995.5655487957468,,0.0309339057536958,offline,train
nile,15,960.0,959.9696424065236,LGBM,0.030357593476423972,0.0009215834816798193,,3.16224932046083e-05,offline,train
nile,16,1180.0,1017.5525838687697,LGBM,162.44741613123028,26389.163007713098,,0.13766730180612735,offline,train
nile,17,799.0,1119.9696424065237,LGBM,320.9696424065237,103021.51134657169,,0.40171419575284567,offline,train
nile,18,958.0,856.5525838687697,LGBM,101.44741613123028,10291.578239703002,,0.1058950064000316,offline,train
nile,19,1140.0,897.9696424065236,LGBM,242.03035759347642,58578.69399682607,,0.21230733122234774,offline,train
nile,20,1100.0,1079.9696424065237,LGBM,20.03035759347631,401.2152253225341,,0.01820941599406937,offline,train
nile,21,1210.0,1069.8758049221174,LGBM,140.12419507788263,19634.79004622451,,0.11580511989907656,offline,train
nile,22,1150.0,1149.9696424065237,LGBM,0.030357593476310285,0.0009215834816729167,,2.6397907370704595e-05,offline,train
nile,23,1250.0,1207.5525838687697,LGBM,42.447416131230284,1801.783136217829,,0.03395793290498423,offline,train
nile,24,1260.0,1189.9696424065237,LGBM,70.03035759347631,4904.250984670165,,0.055579648883711356,offline,train
nile,25,1220.0,1199.9696424065237,LGBM,20.03035759347631,401.2152253225341,,0.01641832589629206,offline,train
nile,26,1030.0,1189.8758049221174,LGBM,159.87580492211737,25560.27299949493,,0.1552192280797256,offline,train
nile,27,1100.0,1087.5525838687697,LGBM,12.447416131230284,154.9381683440119,,0.011315832846572985,offline,train
nile,28,774.0,1039.9696424065237,LGBM,265.9696424065237,70739.85068185409,,0.343630028948997,offline,train
nile,29,840.0,831.5525838687697,LGBM,8.447416131230284,71.35883929416961,,0.010056447775274148,offline,train
nile,30,874.0,779.9696424065236,LGBM,94.03035759347642,8841.70814915705,,0.10758622150283344,offline,train
nile,31,694.0,813.9696424065236,LGBM,119.96964240652358,14392.71509914914,,0.1728669198941262,offline,train
nile,32,940.0,751.5525838687697,LGBM,188.44741613123028,35512.428646537075,,0.2004759746076918,offline,train
nile,33,833.0,879.9696424065236,LGBM,46.969642406523576,2206.147307796698,,0.05638612533796348,offline,train
nile,34,701.0,890.5525838687697,LGBM,189.55258386876972,35930.18205132698,,0.270403115362011,offline,train
nile,35,916.0,758.5525838687697,LGBM,157.44741613123028,24789.688846400793,,0.1718858254707754,offline,train
nile,36,692.0,855.9696424065236,LGBM,163.96964240652358,26886.043630923214,,0.23695035029844447,offline,val
nile,37,1020.0,749.5525838687697,LGBM,270.4474161312303,73141.80489205883,,0.2651445256188532,offline,val
nile,38,1050.0,959.9696424065236,LGBM,90.03035759347642,8105.465288409238,,0.08574319770807279,offline,val
nile,39,969.0,989.9696424065236,LGBM,20.969642406523576,439.72590265747186,,0.021640497839549615,offline,val
nile,40,831.0,1026.5525838687697,LGBM,195.55258386876972,38240.81305775222,,0.23532200224882036,offline,val
nile,41,726.0,888.5525838687697,LGBM,162.55258386876972,26423.34252241341,,0.2239016306732365,offline,val
nile,42,456.0,783.5525838687697,LGBM,327.5525838687697,107290.69519910742,,0.7183170698876529,offline,val
nile,43,824.0,513.5525838687697,LGBM,310.4474161312303,96377.59818255727,,0.37675657297479404,offline,val
nile,44,702.0,763.9696424065236,LGBM,61.969642406523576,3840.236579992405,,0.08827584388393672,offline,val
nile,45,1120.0,759.5525838687697,LGBM,360.4474161312303,129922.3397956803,,0.3218280501171699,offline,val
nile,46,1100.0,1059.9696424065237,LGBM,40.03035759347631,1602.4295290615864,,0.036391234175887556,offline,val
nile,47,832.0,1069.8758049221174,LGBM,237.87580492211737,56584.89856734524,,0.2859084193775449,offline,val
nile,48,764.0,889.5525838687697,LGBM,125.55258386876972,15763.451316124454,,0.1643358427601698,offline,val
nile,49,821.0,821.5525838687697,LGBM,0.552583868769716,0.3053489320245067,,0.0006730619595246236,offline,val
nile,50,768.0,760.9696424065236,LGBM,7.030357593476424,49.42592789215161,,0.009154111449839094,offline,val
nile,51,845.0,737.8758049221174,LGBM,107.12419507788263,11475.593171084254,,0.12677419535844098,offline,val
nile,52,864.0,784.9696424065236,LGBM,79.03035759347642,6245.797421352757,,0.09147032128874587,offline,val
nile,53,862.0,803.9696424065236,LGBM,58.030357593476424,3367.522402426747,,0.06732060045646918,offline,val
nile,54,698.0,801.9696424065236,LGBM,103.96964240652358,10809.686542140385,,0.1489536424162229,offline,val
nile,55,845.0,755.5525838687697,LGBM,89.44741613123028,8000.840252553476,,0.1058549303328169,offline,val
nile,56,744.0,784.9696424065236,LGBM,40.969642406523576,1678.5115989184148,,0.055066723664682224,offline,val
nile,57,796.0,801.5525838687697,LGBM,5.552583868769716,30.831187619721668,,0.00697560787533884,offline,val
nile,58,1040.0,735.9696424065236,LGBM,304.0303575934764,92434.45833841714,,0.29233688230141963,offline,val
nile,59,759.0,979.9696424065236,LGBM,220.96964240652358,48827.5828652669,,0.2911325986910719,offline,val
